window_id,cycles,class,target_mode,applied_mode,switched,fetched_insts,committed_insts,squashed_insts,branch_mispredicts,commit_blocked_mem_cycles,avg_outstanding_misses_proxy,avg_iq_occupancy,iq_saturation_ratio,branch_recovery_ratio,squash_ratio,commit_activity_ratio,avg_inflight_proxy
1,5000,Serialized-memory dominated,conservative,aggressive,0,3995,3670,211,13,338,29.4146,0.8046,0,0.0056,0.052816,0.918648,4.3058
2,5000,Serialized-memory dominated,conservative,conservative,1,4204,4212,0,0,298,30.283,0.807,0,0,0,1.0019,4.46
3,5000,Serialized-memory dominated,conservative,conservative,0,3638,3649,0,0,3234,27.6968,0.502,0,0,0,1.00302,5.652
4,5000,Serialized-memory dominated,conservative,conservative,0,3536,3548,0,0,3398,28.1062,0.4828,0,0,0,1.00339,5.4904
5,5000,Serialized-memory dominated,conservative,conservative,0,3927,3915,0,0,3227,27.916,0.534,0,0,0,0.996944,5.6372
6,5000,Serialized-memory dominated,conservative,conservative,0,3978,3988,0,0,3217,28.0092,0.5408,0,0,0,1.00251,5.6834
7,5000,Serialized-memory dominated,conservative,conservative,0,3536,3536,0,0,3410,28.1676,0.4826,0,0,0,1,5.4992
8,5000,Serialized-memory dominated,conservative,conservative,0,3944,3944,0,0,3228,27.7544,0.5378,0,0,0,1,5.6708
9,5000,Serialized-memory dominated,conservative,conservative,0,3910,3914,0,0,3245,27.78,0.5338,0,0,0,1.00102,5.662
10,5000,Serialized-memory dominated,conservative,conservative,0,3570,3566,0,0,3394,28.1994,0.485,0,0,0,0.99888,5.4896
11,5000,Serialized-memory dominated,conservative,conservative,0,3944,3944,0,0,3231,27.8564,0.5366,0,0,0,1,5.65
12,5000,Serialized-memory dominated,conservative,conservative,0,3893,3883,0,0,3252,27.8916,0.5298,0,0,0,0.997431,5.6254
13,5000,Serialized-memory dominated,conservative,conservative,0,3570,3570,0,0,3396,28.2212,0.4864,0,0,0,1,5.5098
14,5000,Serialized-memory dominated,conservative,conservative,0,3884,3893,0,0,3252,27.8656,0.53,0,0,0,1.00232,5.6432
15,5000,Serialized-memory dominated,conservative,conservative,0,3885,3886,0,0,3254,27.8436,0.53,0,0,0,1.00026,5.6272
16,5000,Serialized-memory dominated,conservative,conservative,0,3565,3560,0,0,3396,28.0768,0.485,0,0,0,0.998597,5.4894
17,5000,Serialized-memory dominated,conservative,conservative,0,3915,3920,0,0,3239,27.8216,0.5346,0,0,0,1.00128,5.6446
18,5000,Serialized-memory dominated,conservative,conservative,0,3944,3944,0,0,3225,27.8774,0.5374,0,0,0,1,5.674
19,5000,Serialized-memory dominated,conservative,conservative,0,3536,3536,0,0,3410,28.2678,0.4824,0,0,0,1,5.5006
20,5000,Serialized-memory dominated,conservative,conservative,0,3927,3920,0,0,3230,27.903,0.536,0,0,0,0.998217,5.6654
21,5000,Serialized-memory dominated,conservative,conservative,0,3893,3900,0,0,3250,27.976,0.53,0,0,0,1.0018,5.6502
22,5000,Serialized-memory dominated,conservative,conservative,0,3604,3594,0,0,3386,28.245,0.4902,0,0,0,0.997225,5.504
23,5000,Serialized-memory dominated,conservative,conservative,0,3876,3882,0,0,3255,28.0076,0.529,0,0,0,1.00155,5.6266
24,5000,Serialized-memory dominated,conservative,conservative,0,3888,3884,0,0,3251,27.9152,0.528,0,0,0,0.998971,5.6236
25,5000,Serialized-memory dominated,conservative,conservative,0,3570,3573,0,0,3389,28.1642,0.4876,0,0,0,1.00084,5.5402
26,5000,Serialized-memory dominated,conservative,conservative,0,3898,3903,0,0,3248,27.9364,0.532,0,0,0,1.00128,5.6316
27,5000,Serialized-memory dominated,conservative,conservative,0,3944,3944,0,0,3226,27.978,0.5374,0,0,0,1,5.6684
28,5000,Serialized-memory dominated,conservative,conservative,0,3672,3672,0,0,3349,28.1544,0.5004,0,0,0,1,5.5614
29,5000,Serialized-memory dominated,conservative,conservative,0,3808,3808,0,0,3290,27.9914,0.5188,0,0,0,1,5.5966
30,5000,Serialized-memory dominated,conservative,conservative,0,3927,3917,0,0,3238,27.9244,0.5352,0,0,0,0.997454,5.6624
31,5000,Serialized-memory dominated,conservative,conservative,0,3922,3927,0,0,3239,27.9996,0.5328,0,0,0,1.00127,5.6384
32,5000,Serialized-memory dominated,conservative,conservative,0,3524,3531,0,0,3413,28.1598,0.483,0,0,0,1.00199,5.503
33,5000,Serialized-memory dominated,conservative,conservative,0,3927,3915,0,0,3239,28.0112,0.5342,0,0,0,0.996944,5.6506
34,5000,Serialized-memory dominated,conservative,conservative,0,3876,3886,0,0,3255,27.958,0.529,0,0,0,1.00258,5.6506
35,5000,Serialized-memory dominated,conservative,conservative,0,3570,3566,0,0,3402,28.276,0.4868,0,0,0,0.99888,5.498
36,5000,Serialized-memory dominated,conservative,conservative,0,3910,3914,0,0,3243,27.8006,0.5314,0,0,0,1.00102,5.6364
37,5000,Serialized-memory dominated,conservative,conservative,0,3944,3944,0,0,3227,27.8778,0.5368,0,0,0,1,5.647
38,5000,Serialized-memory dominated,conservative,conservative,0,3536,3536,0,0,3407,28.0316,0.4818,0,0,0,1,5.484
39,5000,Serialized-memory dominated,conservative,conservative,0,3944,3934,0,0,3230,27.8396,0.536,0,0,0,0.997465,5.6442
40,5000,Serialized-memory dominated,conservative,conservative,0,3876,3882,0,0,3255,27.8486,0.5286,0,0,0,1.00155,5.627
41,5000,Serialized-memory dominated,conservative,conservative,0,3604,3608,0,0,3379,28.1458,0.4902,0,0,0,1.00111,5.507
42,5000,Serialized-memory dominated,conservative,conservative,0,3854,3849,0,0,3270,27.7176,0.524,0,0,0,0.998703,5.6146
43,5000,Serialized-memory dominated,conservative,conservative,0,3915,3916,0,0,3237,27.863,0.5348,0,0,0,1.00026,5.6648
44,5000,Serialized-memory dominated,conservative,conservative,0,3570,3564,0,0,3394,28.1114,0.4864,0,0,0,0.998319,5.5062
45,5000,Serialized-memory dominated,conservative,conservative,0,3893,3903,0,0,3244,27.7892,0.5308,0,0,0,1.00257,5.654
46,5000,Serialized-memory dominated,conservative,conservative,0,3944,3944,0,0,3228,27.714,0.5374,0,0,0,1,5.6752
47,5000,Serialized-memory dominated,conservative,conservative,0,3196,3196,0,0,3547,28.1644,0.438,0,0,0,1,5.5666
48,5000,Serialized-memory dominated,conservative,conservative,0,3400,3400,0,0,3426,27.2602,0.47,0,0,0,1,5.9766
49,5000,Serialized-memory dominated,conservative,conservative,0,3561,3560,0,0,3359,27.1868,0.4906,0,0,0,0.999719,5.9348
50,5000,Serialized-memory dominated,conservative,conservative,0,3103,3104,0,0,3562,27.6034,0.4292,0,0,0,1.00032,5.7296
51,5000,Serialized-memory dominated,conservative,conservative,0,3429,3424,0,0,3415,27.1986,0.473,0,0,0,0.998542,5.9836
52,5000,Serialized-memory dominated,conservative,conservative,0,3609,3604,0,0,3347,27.2862,0.498,0,0,0,0.998615,5.9188
53,5000,Serialized-memory dominated,conservative,conservative,0,3570,3582,0,0,3396,28.2844,0.4852,0,0,0,1.00336,5.4932
54,5000,Serialized-memory dominated,conservative,conservative,0,3927,3918,0,0,3238,27.8344,0.5348,0,0,0,0.997708,5.6436
55,5000,Serialized-memory dominated,conservative,conservative,0,3893,3900,0,0,3247,27.968,0.5292,0,0,0,1.0018,5.6294
56,5000,Serialized-memory dominated,conservative,conservative,0,3808,3808,0,0,3291,28.126,0.5182,0,0,0,1,5.5924
57,5000,Serialized-memory dominated,conservative,conservative,0,3672,3672,0,0,3348,28.0454,0.501,0,0,0,1,5.5616
58,5000,Serialized-memory dominated,conservative,conservative,0,3944,3944,0,0,3227,27.9982,0.5368,0,0,0,1,5.647
59,5000,Serialized-memory dominated,conservative,conservative,0,3888,3880,0,0,3254,27.9608,0.5282,0,0,0,0.997942,5.6222
60,5000,Serialized-memory dominated,conservative,conservative,0,3592,3600,0,0,3388,28.2704,0.4902,0,0,0,1.00223,5.511
61,5000,Serialized-memory dominated,conservative,conservative,0,3859,3849,0,0,3267,27.954,0.5256,0,0,0,0.997409,5.6156
62,5000,Serialized-memory dominated,conservative,conservative,0,3927,3927,0,0,3235,27.9608,0.5342,0,0,0,1,5.6618
63,5000,Serialized-memory dominated,conservative,conservative,0,3570,3570,0,0,3391,28.202,0.4874,0,0,0,1,5.5124
64,5000,Serialized-memory dominated,conservative,conservative,0,3876,3886,0,0,3252,27.924,0.529,0,0,0,1.00258,5.648
65,5000,Serialized-memory dominated,conservative,conservative,0,3944,3944,0,0,3224,27.9128,0.5376,0,0,0,1,5.6722
66,5000,Serialized-memory dominated,conservative,conservative,0,3536,3536,0,0,3411,28.2544,0.4818,0,0,0,1,5.4832
67,5000,Serialized-memory dominated,conservative,conservative,0,3944,3944,0,0,3228,27.8914,0.5374,0,0,0,1,5.6748
68,5000,Serialized-memory dominated,conservative,conservative,0,3944,3940,0,0,3227,27.926,0.5368,0,0,0,0.998986,5.647
69,5000,Serialized-memory dominated,conservative,conservative,0,3536,3540,0,0,3407,28.1334,0.4824,0,0,0,1.00113,5.4994
70,5000,Serialized-memory dominated,conservative,conservative,0,3910,3906,0,0,3244,27.8118,0.5344,0,0,0,0.998977,5.655
71,5000,Serialized-memory dominated,conservative,conservative,0,3888,3887,0,0,3253,27.8176,0.5284,0,0,0,0.999743,5.6422
72,5000,Serialized-memory dominated,conservative,conservative,0,3558,3567,0,0,3395,28.087,0.4858,0,0,0,1.00253,5.4966
73,5000,Serialized-memory dominated,conservative,conservative,0,3893,3879,0,0,3258,27.9064,0.529,0,0,0,0.996404,5.6462
74,5000,Serialized-memory dominated,conservative,conservative,0,3927,3937,0,0,3232,27.92,0.5362,0,0,0,1.00255,5.672
75,5000,Serialized-memory dominated,conservative,conservative,0,3565,3560,0,0,3400,28.246,0.4852,0,0,0,0.998597,5.5094
76,5000,Serialized-memory dominated,conservative,conservative,0,3915,3920,0,0,3238,27.8674,0.5354,0,0,0,1.00128,5.6584
77,5000,Serialized-memory dominated,conservative,conservative,0,3944,3944,0,0,3229,27.9372,0.5376,0,0,0,1,5.6674
78,5000,Serialized-memory dominated,conservative,conservative,0,3536,3536,0,0,3413,28.3196,0.4816,0,0,0,1,5.4798
79,5000,Serialized-memory dominated,conservative,conservative,0,3935,3934,0,0,3233,27.9306,0.5362,0,0,0,0.999746,5.6462
80,5000,Serialized-memory dominated,conservative,conservative,0,3919,3910,0,0,3241,27.9538,0.5334,0,0,0,0.997703,5.6408
81,5000,Serialized-memory dominated,conservative,conservative,0,3531,3536,0,0,3409,28.2708,0.4798,0,0,0,1.00142,5.474
82,5000,Serialized-memory dominated,conservative,conservative,0,3881,3876,0,0,3258,27.982,0.5292,0,0,0,0.998712,5.6424
83,5000,Serialized-memory dominated,conservative,conservative,0,3910,3920,0,0,3240,27.9634,0.5334,0,0,0,1.00256,5.6438
84,5000,Serialized-memory dominated,conservative,conservative,0,3944,3944,0,0,3227,27.96,0.5366,0,0,0,1,5.6488
85,5000,Serialized-memory dominated,conservative,conservative,0,3536,3536,0,0,3414,28.2684,0.4818,0,0,0,1,5.4844
86,5000,Serialized-memory dominated,conservative,conservative,0,3944,3944,0,0,3228,27.9786,0.5374,0,0,0,1,5.669
87,5000,Serialized-memory dominated,conservative,conservative,0,3910,3914,0,0,3242,27.885,0.5334,0,0,0,1.00102,5.6434
88,5000,Serialized-memory dominated,conservative,conservative,0,3570,3566,0,0,3396,28.294,0.4858,0,0,0,0.99888,5.506
89,5000,Serialized-memory dominated,conservative,conservative,0,3893,3883,0,0,3253,27.8636,0.5296,0,0,0,0.997431,5.6446
90,5000,Serialized-memory dominated,conservative,conservative,0,3918,3927,0,0,3234,27.961,0.5352,0,0,0,1.0023,5.6654
91,5000,Serialized-memory dominated,conservative,conservative,0,3562,3553,0,0,3401,28.1738,0.486,0,0,0,0.997473,5.4944
92,5000,Serialized-memory dominated,conservative,conservative,0,3888,3893,0,0,3249,27.792,0.5284,0,0,0,1.00129,5.6456
93,5000,Serialized-memory dominated,conservative,conservative,0,3915,3920,0,0,3239,27.7654,0.5346,0,0,0,1.00128,5.666
94,5000,Serialized-memory dominated,conservative,conservative,0,3536,3536,0,0,3408,28.244,0.4822,0,0,0,1,5.496
95,5000,Serialized-memory dominated,conservative,conservative,0,3944,3944,0,0,3228,27.7948,0.5382,0,0,0,1,5.6668
96,5000,Serialized-memory dominated,conservative,conservative,0,3927,3920,0,0,3233,27.7598,0.5362,0,0,0,0.998217,5.6644
97,5000,Serialized-memory dominated,conservative,conservative,0,3485,3492,0,0,3429,28.223,0.4738,0,0,0,1.00201,5.4596
98,5000,Serialized-memory dominated,conservative,conservative,0,3672,3672,0,0,3326,27.6012,0.5028,0,0,0,1,5.7706
99,5000,Serialized-memory dominated,conservative,conservative,0,3400,3400,0,0,3426,27.2602,0.47,0,0,0,1,5.9766
100,5000,Serialized-memory dominated,conservative,conservative,0,3153,3152,0,0,3540,27.3812,0.4358,0,0,0,0.999683,5.7752
101,5000,Serialized-memory dominated,conservative,conservative,0,3851,3852,0,0,3267,27.8742,0.5254,0,0,0,1.00026,5.7574
102,5000,Serialized-memory dominated,conservative,conservative,0,3939,3934,0,0,3227,27.7664,0.5354,0,0,0,0.998731,5.6434
103,5000,Serialized-memory dominated,conservative,conservative,0,3473,3478,0,0,3432,28.266,0.4744,0,0,0,1.00144,5.9106
104,5000,Serialized-memory dominated,conservative,conservative,0,3944,3944,0,0,3205,27.7112,0.5382,0,0,0,1,5.6672
105,5000,Serialized-memory dominated,conservative,conservative,0,3935,3934,0,0,3220,27.8562,0.5364,0,0,0,0.999746,5.659
106,5000,Serialized-memory dominated,conservative,conservative,0,3477,3478,0,0,3439,28.351,0.4728,0,0,0,1.00029,5.4762
107,5000,Serialized-memory dominated,conservative,conservative,0,3944,3944,0,0,3231,27.973,0.5374,0,0,0,1,5.6418
108,5000,Serialized-memory dominated,conservative,conservative,0,3893,3889,0,0,3250,27.6622,0.5316,0,0,0,0.998973,5.6574
109,5000,Serialized-memory dominated,conservative,conservative,0,3587,3591,0,0,3384,28.1842,0.488,0,0,0,1.00112,5.519
110,5000,Serialized-memory dominated,conservative,conservative,0,3867,3866,0,0,3261,27.8692,0.5262,0,0,0,0.999741,5.6184
111,5000,Serialized-memory dominated,conservative,conservative,0,3919,3916,0,0,3235,27.922,0.5352,0,0,0,0.999234,5.665
112,5000,Serialized-memory dominated,conservative,conservative,0,3910,3914,0,0,3242,27.949,0.532,0,0,0,1.00102,5.6578
113,5000,Serialized-memory dominated,conservative,conservative,0,3536,3540,0,0,3405,28.196,0.483,0,0,0,1.00113,5.495
114,5000,Serialized-memory dominated,conservative,conservative,0,3944,3940,0,0,3229,27.9516,0.5382,0,0,0,0.998986,5.6872
115,5000,Serialized-memory dominated,conservative,conservative,0,3944,3944,0,0,3228,27.9586,0.5368,0,0,0,1,5.6492
116,5000,Serialized-memory dominated,conservative,conservative,0,3536,3536,0,0,3413,28.2698,0.4816,0,0,0,1,5.484
117,5000,Serialized-memory dominated,conservative,conservative,0,3944,3944,0,0,3227,27.9188,0.5376,0,0,0,1,5.6726
118,5000,Serialized-memory dominated,conservative,conservative,0,3893,3883,0,0,3257,27.944,0.5306,0,0,0,0.997431,5.6528
119,5000,Serialized-memory dominated,conservative,conservative,0,3565,3570,0,0,3394,28.2092,0.4852,0,0,0,1.0014,5.511
120,5000,Serialized-memory dominated,conservative,conservative,0,3881,3879,0,0,3260,28.0528,0.5302,0,0,0,0.999485,5.6512
121,5000,Serialized-memory dominated,conservative,conservative,0,3927,3924,0,0,3237,27.9164,0.5338,0,0,0,0.999236,5.6588
122,5000,Serialized-memory dominated,conservative,conservative,0,3570,3570,0,0,3400,28.3098,0.4864,0,0,0,1,5.4958
123,5000,Serialized-memory dominated,conservative,conservative,0,3876,3886,0,0,3255,28.0192,0.528,0,0,0,1.00258,5.6266
124,5000,Serialized-memory dominated,conservative,conservative,0,3944,3944,0,0,3226,27.9316,0.5372,0,0,0,1,5.6504
125,5000,Serialized-memory dominated,conservative,conservative,0,3536,3536,0,0,3409,28.3372,0.4816,0,0,0,1,5.4964
126,5000,Serialized-memory dominated,conservative,conservative,0,3944,3944,0,0,3229,27.8556,0.5372,0,0,0,1,5.6498
127,5000,Serialized-memory dominated,conservative,conservative,0,3910,3900,0,0,3245,27.9574,0.531,0,0,0,0.997442,5.6294
128,5000,Serialized-memory dominated,conservative,conservative,0,3565,3570,0,0,3394,28.1824,0.4864,0,0,0,1.0014,5.4976
129,5000,Serialized-memory dominated,conservative,conservative,0,3881,3882,0,0,3252,27.774,0.5296,0,0,0,1.00026,5.6518
130,5000,Serialized-memory dominated,conservative,conservative,0,3876,3884,0,0,3257,27.8098,0.5286,0,0,0,1.00206,5.6438
131,5000,Serialized-memory dominated,conservative,conservative,0,3604,3600,0,0,3378,28.0758,0.4914,0,0,0,0.99889,5.5294
132,5000,Serialized-memory dominated,conservative,conservative,0,3893,3883,0,0,3254,27.8442,0.5304,0,0,0,0.997431,5.6398
133,5000,Serialized-memory dominated,conservative,conservative,0,3927,3937,0,0,3230,27.7964,0.5358,0,0,0,1.00255,5.6688
134,5000,Serialized-memory dominated,conservative,conservative,0,3536,3536,0,0,3410,28.1682,0.4816,0,0,0,1,5.4806
135,5000,Serialized-memory dominated,conservative,conservative,0,3944,3944,0,0,3222,27.6988,0.5368,0,0,0,1,5.651
136,5000,Serialized-memory dominated,conservative,conservative,0,3944,3944,0,0,3230,27.8274,0.5372,0,0,0,1,5.6714
137,5000,Serialized-memory dominated,conservative,conservative,0,3672,3672,0,0,3345,27.9984,0.5006,0,0,0,1,5.5584
138,5000,Serialized-memory dominated,conservative,conservative,0,3791,3793,0,0,3293,27.9138,0.5184,0,0,0,1.00053,5.6052
139,5000,Serialized-memory dominated,conservative,conservative,0,3893,3881,0,0,3259,27.8974,0.5294,0,0,0,0.996918,5.6374
140,5000,Serialized-memory dominated,conservative,conservative,0,3876,3886,0,0,3252,27.871,0.529,0,0,0,1.00258,5.6472
141,5000,Serialized-memory dominated,conservative,conservative,0,3570,3560,0,0,3398,28.0798,0.4862,0,0,0,0.997199,5.496
142,5000,Serialized-memory dominated,conservative,conservative,0,3927,3924,0,0,3233,27.8828,0.5334,0,0,0,0.999236,5.657
143,5000,Serialized-memory dominated,conservative,conservative,0,3927,3940,0,0,3229,27.9162,0.5362,0,0,0,1.00331,5.6538
144,5000,Serialized-memory dominated,conservative,conservative,0,3536,3536,0,0,3411,28.2706,0.4824,0,0,0,1,5.5006
145,5000,Serialized-memory dominated,conservative,conservative,0,3944,3944,0,0,3227,27.9188,0.5376,0,0,0,1,5.6726
146,5000,Serialized-memory dominated,conservative,conservative,0,3944,3944,0,0,3233,27.9626,0.5372,0,0,0,1,5.6722
147,5000,Serialized-memory dominated,conservative,conservative,0,2983,2982,0,0,3620,27.7586,0.4122,0,0,0,0.999665,5.7344
148,5000,Serialized-memory dominated,conservative,conservative,0,3434,3434,0,0,3408,27.091,0.4748,0,0,0,1,5.9918
149,5000,Serialized-memory dominated,conservative,conservative,0,3613,3604,0,0,3355,27.4974,0.4968,0,0,0,0.997509,5.8742
150,5000,Serialized-memory dominated,conservative,conservative,0,3519,3519,0,0,3420,28.3834,0.4794,0,0,0,1,5.4866
151,5000,Serialized-memory dominated,conservative,conservative,0,3723,3723,0,0,3312,27.5848,0.5102,0,0,0,1,5.7486
152,5000,Serialized-memory dominated,conservative,conservative,0,3944,3954,0,0,3233,27.9916,0.5358,0,0,0,1.00254,5.6686
153,5000,Serialized-memory dominated,conservative,conservative,0,3536,3536,0,0,3407,28.2032,0.482,0,0,0,1,5.4976
154,5000,Serialized-memory dominated,conservative,conservative,0,3944,3944,0,0,3224,27.7556,0.5378,0,0,0,1,5.67
155,5000,Serialized-memory dominated,conservative,conservative,0,3927,3917,0,0,3240,27.7444,0.5338,0,0,0,0.997454,5.6596
156,5000,Serialized-memory dominated,conservative,conservative,0,3553,3563,0,0,3400,28.1996,0.4848,0,0,0,1.00281,5.4942
157,5000,Serialized-memory dominated,conservative,conservative,0,3944,3934,0,0,3229,27.763,0.537,0,0,0,0.997465,5.647
158,5000,Serialized-memory dominated,conservative,conservative,0,3876,3886,0,0,3253,27.6996,0.5286,0,0,0,1.00258,5.6514
159,5000,Serialized-memory dominated,conservative,conservative,0,3536,3536,0,0,3411,28.13,0.4822,0,0,0,1,5.5024
160,5000,Serialized-memory dominated,conservative,conservative,0,3910,3914,0,0,3242,27.9344,0.5342,0,0,0,1.00102,5.6516
161,5000,Serialized-memory dominated,conservative,conservative,0,3927,3919,0,0,3237,27.7976,0.5346,0,0,0,0.997963,5.6436
162,5000,Serialized-memory dominated,conservative,conservative,0,3536,3527,0,0,3414,28.1854,0.4792,0,0,0,0.997455,5.469
163,5000,Serialized-memory dominated,conservative,conservative,0,3927,3940,0,0,3231,27.8094,0.5358,0,0,0,1.00331,5.6526
164,5000,Serialized-memory dominated,conservative,conservative,0,3944,3944,0,0,3225,27.7644,0.537,0,0,0,1,5.6504
165,5000,Serialized-memory dominated,conservative,conservative,0,3808,3808,0,0,3291,28.0538,0.5182,0,0,0,1,5.5924
166,5000,Serialized-memory dominated,conservative,conservative,0,3672,3672,0,0,3347,28.0486,0.5012,0,0,0,1,5.5534
167,5000,Serialized-memory dominated,conservative,conservative,0,3939,3934,0,0,3235,27.962,0.5366,0,0,0,0.998731,5.658
168,5000,Serialized-memory dominated,conservative,conservative,0,3842,3842,0,0,3270,27.9068,0.5232,0,0,0,1,5.6098
169,5000,Serialized-memory dominated,conservative,conservative,0,3604,3604,0,0,3386,28.259,0.4908,0,0,0,1,5.5098
170,5000,Serialized-memory dominated,conservative,conservative,0,3847,3852,0,0,3270,27.945,0.5254,0,0,0,1.0013,5.6432
171,5000,Serialized-memory dominated,conservative,conservative,0,3944,3944,0,0,3227,27.9982,0.5368,0,0,0,1,5.647
172,5000,Serialized-memory dominated,conservative,conservative,0,3536,3536,0,0,3406,28.1914,0.4826,0,0,0,1,5.5028
173,5000,Serialized-memory dominated,conservative,conservative,0,3944,3944,0,0,3226,27.9398,0.5372,0,0,0,1,5.6706
174,5000,Serialized-memory dominated,conservative,conservative,0,3944,3934,0,0,3227,27.9128,0.537,0,0,0,0.997465,5.6676
175,5000,Serialized-memory dominated,conservative,conservative,0,3536,3546,0,0,3412,28.2712,0.4824,0,0,0,1.00283,5.489
176,5000,Serialized-memory dominated,conservative,conservative,0,3944,3944,0,0,3227,27.96,0.5366,0,0,0,1,5.6488
177,5000,Serialized-memory dominated,conservative,conservative,0,3893,3880,0,0,3251,27.9688,0.529,0,0,0,0.996661,5.6414
178,5000,Serialized-memory dominated,conservative,conservative,0,3570,3573,0,0,3391,28.2052,0.4872,0,0,0,1.00084,5.5164
179,5000,Serialized-memory dominated,conservative,conservative,0,3876,3888,0,0,3251,27.931,0.531,0,0,0,1.0031,5.6506
180,5000,Serialized-memory dominated,conservative,conservative,0,3893,3891,0,0,3252,27.9832,0.529,0,0,0,0.999486,5.6286
181,5000,Serialized-memory dominated,conservative,conservative,0,3553,3549,0,0,3404,28.2702,0.485,0,0,0,0.998874,5.491
182,5000,Serialized-memory dominated,conservative,conservative,0,3927,3931,0,0,3238,27.9472,0.5346,0,0,0,1.00102,5.6642
183,5000,Serialized-memory dominated,conservative,conservative,0,3944,3944,0,0,3228,27.8948,0.5376,0,0,0,1,5.673
184,5000,Serialized-memory dominated,conservative,conservative,0,3536,3536,0,0,3411,28.13,0.4822,0,0,0,1,5.5024
185,5000,Serialized-memory dominated,conservative,conservative,0,3927,3929,0,0,3234,27.8332,0.537,0,0,0,1.00051,5.6614
186,5000,Serialized-memory dominated,conservative,conservative,0,3927,3915,0,0,3242,27.8028,0.5336,0,0,0,0.996944,5.6372
187,5000,Serialized-memory dominated,conservative,conservative,0,3570,3570,0,0,3397,28.246,0.486,0,0,0,1,5.5122
188,5000,Serialized-memory dominated,conservative,conservative,0,3876,3882,0,0,3256,27.8608,0.5286,0,0,0,1.00155,5.6284
189,5000,Serialized-memory dominated,conservative,conservative,0,3927,3921,0,0,3236,27.843,0.5336,0,0,0,0.998472,5.6368
190,5000,Serialized-memory dominated,conservative,conservative,0,3519,3533,0,0,3413,28.2314,0.4798,0,0,0,1.00398,5.477
191,5000,Serialized-memory dominated,conservative,conservative,0,3910,3906,0,0,3240,27.7088,0.5318,0,0,0,0.998977,5.6368
192,5000,Serialized-memory dominated,conservative,conservative,0,3944,3944,0,0,3229,27.7812,0.537,0,0,0,1,5.6516
193,5000,Serialized-memory dominated,conservative,conservative,0,3944,3944,0,0,3227,27.8396,0.5366,0,0,0,1,5.6488
194,5000,Serialized-memory dominated,conservative,conservative,0,3536,3536,0,0,3410,28.1166,0.4814,0,0,0,1,5.4824
195,5000,Serialized-memory dominated,conservative,conservative,0,3604,3604,0,0,3361,27.747,0.4936,0,0,0,1,5.7782
196,5000,Serialized-memory dominated,conservative,conservative,0,3434,3424,0,0,3413,27.044,0.4738,0,0,0,0.997088,5.9478
197,5000,Serialized-memory dominated,conservative,conservative,0,3145,3145,0,0,3547,27.7494,0.4348,0,0,0,1,5.7632
198,5000,Serialized-memory dominated,conservative,conservative,0,3451,3465,0,0,3402,27.3292,0.477,0,0,0,1.00406,5.9348
199,5000,Serialized-memory dominated,conservative,conservative,0,3434,3430,0,0,3410,27.081,0.4738,0,0,0,0.998835,5.9504
200,5000,Serialized-memory dominated,conservative,conservative,0,3213,3203,0,0,3528,27.734,0.4422,0,0,0,0.996888,5.7242
201,5000,Serialized-memory dominated,conservative,conservative,0,3927,3937,0,0,3239,27.9602,0.5346,0,0,0,1.00255,5.6484
202,5000,Serialized-memory dominated,conservative,conservative,0,3944,3944,0,0,3227,27.8262,0.5366,0,0,0,1,5.6488
203,5000,Serialized-memory dominated,conservative,conservative,0,3536,3536,0,0,3411,28.3162,0.482,0,0,0,1,5.4988
204,5000,Serialized-memory dominated,conservative,conservative,0,3944,3944,0,0,3228,27.8188,0.5382,0,0,0,1,5.6668
205,5000,Serialized-memory dominated,conservative,conservative,0,3910,3914,0,0,3241,27.9046,0.534,0,0,0,1.00102,5.659
206,5000,Serialized-memory dominated,conservative,conservative,0,3570,3562,0,0,3402,28.3198,0.4854,0,0,0,0.997759,5.4928
207,5000,Serialized-memory dominated,conservative,conservative,0,3888,3884,0,0,3257,27.9704,0.5282,0,0,0,0.998971,5.6238
208,5000,Serialized-memory dominated,conservative,conservative,0,3915,3925,0,0,3236,28.017,0.5348,0,0,0,1.00255,5.6434
209,5000,Serialized-memory dominated,conservative,conservative,0,3485,3487,0,0,3432,28.3022,0.4746,0,0,0,1.00057,5.4772
210,5000,Serialized-memory dominated,conservative,conservative,0,3944,3940,0,0,3228,27.9254,0.537,0,0,0,0.998986,5.6512
211,5000,Serialized-memory dominated,conservative,conservative,0,3944,3944,0,0,3228,27.8948,0.5372,0,0,0,1,5.6534
212,5000,Serialized-memory dominated,conservative,conservative,0,3536,3536,0,0,3413,28.3378,0.481,0,0,0,1,5.4798
213,5000,Serialized-memory dominated,conservative,conservative,0,3944,3944,0,0,3227,27.9302,0.5374,0,0,0,1,5.6508
214,5000,Serialized-memory dominated,conservative,conservative,0,3927,3929,0,0,3234,27.8638,0.5354,0,0,0,1.00051,5.6508
215,5000,Serialized-memory dominated,conservative,conservative,0,3536,3527,0,0,3407,28.218,0.4826,0,0,0,0.997455,5.5224
216,5000,Serialized-memory dominated,conservative,conservative,0,3918,3924,0,0,3237,27.9158,0.5332,0,0,0,1.00153,5.6486
217,5000,Serialized-memory dominated,conservative,conservative,0,3885,3876,0,0,3257,27.807,0.5294,0,0,0,0.997683,5.6296
218,5000,Serialized-memory dominated,conservative,conservative,0,3638,3648,0,0,3362,28.1542,0.4952,0,0,0,1.00275,5.5226
219,5000,Serialized-memory dominated,conservative,conservative,0,3808,3808,0,0,3288,27.8368,0.5188,0,0,0,1,5.5954
220,5000,Serialized-memory dominated,conservative,conservative,0,3944,3944,0,0,3224,27.7354,0.5376,0,0,0,1,5.6718
221,5000,Serialized-memory dominated,conservative,conservative,0,3944,3944,0,0,3228,27.8192,0.5374,0,0,0,1,5.6748
222,5000,Serialized-memory dominated,conservative,conservative,0,3536,3536,0,0,3407,28.1978,0.4828,0,0,0,1,5.4958
223,5000,Serialized-memory dominated,conservative,conservative,0,3944,3944,0,0,3228,27.913,0.538,0,0,0,1,5.6686
224,5000,Serialized-memory dominated,conservative,conservative,0,3927,3917,0,0,3237,27.9454,0.5348,0,0,0,0.997454,5.66
225,5000,Serialized-memory dominated,conservative,conservative,0,3544,3553,0,0,3401,28.2004,0.483,0,0,0,1.00254,5.5094
226,5000,Serialized-memory dominated,conservative,conservative,0,3885,3876,0,0,3255,28.0072,0.5288,0,0,0,0.997683,5.622
227,5000,Serialized-memory dominated,conservative,conservative,0,3876,3886,0,0,3254,27.9666,0.5288,0,0,0,1.00258,5.6288
228,5000,Serialized-memory dominated,conservative,conservative,0,3599,3594,0,0,3381,28.1728,0.4896,0,0,0,0.998611,5.5202
229,5000,Serialized-memory dominated,conservative,conservative,0,3915,3919,0,0,3245,27.9778,0.5356,0,0,0,1.00102,5.6586
230,5000,Serialized-memory dominated,conservative,conservative,0,3910,3911,0,0,3242,27.885,0.5324,0,0,0,1.00026,5.6546
231,5000,Serialized-memory dominated,conservative,conservative,0,3536,3536,0,0,3410,28.244,0.4816,0,0,0,1,5.4808
232,5000,Serialized-memory dominated,conservative,conservative,0,3944,3944,0,0,3226,27.8976,0.5368,0,0,0,1,5.6522
233,5000,Serialized-memory dominated,conservative,conservative,0,3927,3917,0,0,3240,27.9554,0.5346,0,0,0,0.997454,5.6414
234,5000,Serialized-memory dominated,conservative,conservative,0,3548,3553,0,0,3401,28.2916,0.4838,0,0,0,1.00141,5.522
235,5000,Serialized-memory dominated,conservative,conservative,0,3915,3910,0,0,3245,27.94,0.534,0,0,0,0.998723,5.6424
236,5000,Serialized-memory dominated,conservative,conservative,0,3876,3890,0,0,3251,28.0012,0.5284,0,0,0,1.00361,5.6246
237,5000,Serialized-memory dominated,conservative,conservative,0,3553,3542,0,0,3406,28.2666,0.4832,0,0,0,0.996904,5.4874
238,5000,Serialized-memory dominated,conservative,conservative,0,3927,3924,0,0,3236,27.9292,0.5334,0,0,0,0.999236,5.6366
239,5000,Serialized-memory dominated,conservative,conservative,0,3910,3920,0,0,3237,27.8204,0.5338,0,0,0,1.00256,5.6674
240,5000,Serialized-memory dominated,conservative,conservative,0,3548,3540,0,0,3405,28.1084,0.4828,0,0,0,0.997745,5.5008
241,5000,Serialized-memory dominated,conservative,conservative,0,3932,3940,0,0,3229,27.835,0.5378,0,0,0,1.00203,5.6666
242,5000,Serialized-memory dominated,conservative,conservative,0,3944,3934,0,0,3229,27.7496,0.5368,0,0,0,0.997465,5.6506
243,5000,Serialized-memory dominated,conservative,conservative,0,3536,3546,0,0,3407,28.1392,0.4822,0,0,0,1.00283,5.5042
244,5000,Serialized-memory dominated,conservative,conservative,0,3876,3878,0,0,3259,27.8346,0.5286,0,0,0,1.00052,5.6474
245,5000,Serialized-memory dominated,conservative,conservative,0,3927,3927,0,0,3236,27.8572,0.5346,0,0,0,1,5.6444
246,5000,Serialized-memory dominated,conservative,conservative,0,3485,3483,0,0,3420,27.9806,0.4758,0,0,0,0.999426,5.6832
247,5000,Serialized-memory dominated,conservative,conservative,0,3196,3196,0,0,3519,27.4456,0.442,0,0,0,1,5.8512
248,5000,Serialized-memory dominated,conservative,conservative,0,3429,3424,0,0,3413,27.0486,0.473,0,0,0,0.998542,5.9454
249,5000,Serialized-memory dominated,conservative,conservative,0,3847,3852,0,0,3269,27.8794,0.5254,0,0,0,1.0013,5.759
250,5000,Serialized-memory dominated,conservative,conservative,0,3536,3536,0,0,3411,28.2314,0.481,0,0,0,1,5.4786
251,5000,Serialized-memory dominated,conservative,conservative,0,3944,3944,0,0,3225,27.7644,0.537,0,0,0,1,5.6504
252,5000,Serialized-memory dominated,conservative,conservative,0,3944,3944,0,0,3229,27.743,0.5368,0,0,0,1,5.6534
253,5000,Serialized-memory dominated,conservative,conservative,0,3536,3526,0,0,3411,28.2084,0.4828,0,0,0,0.997172,5.5158
254,5000,Serialized-memory dominated,conservative,conservative,0,3888,3893,0,0,3255,27.8436,0.5284,0,0,0,1.00129,5.6248
255,5000,Serialized-memory dominated,conservative,conservative,0,3915,3922,0,0,3237,27.8534,0.5348,0,0,0,1.00179,5.6446
256,5000,Serialized-memory dominated,conservative,conservative,0,3570,3558,0,0,3398,28.087,0.485,0,0,0,0.996639,5.4924
257,5000,Serialized-memory dominated,conservative,conservative,0,3922,3927,0,0,3234,27.9064,0.533,0,0,0,1.00127,5.634
258,5000,Serialized-memory dominated,conservative,conservative,0,3881,3886,0,0,3254,27.7986,0.5298,0,0,0,1.00129,5.6568
259,5000,Serialized-memory dominated,conservative,conservative,0,3570,3560,0,0,3396,28.2618,0.487,0,0,0,0.997199,5.5096
260,5000,Serialized-memory dominated,conservative,conservative,0,3910,3920,0,0,3240,27.8618,0.5332,0,0,0,1.00256,5.6562
261,5000,Serialized-memory dominated,conservative,conservative,0,3944,3944,0,0,3224,27.9128,0.5376,0,0,0,1,5.6722
262,5000,Serialized-memory dominated,conservative,conservative,0,3536,3536,0,0,3410,28.2798,0.482,0,0,0,1,5.5028
263,5000,Serialized-memory dominated,conservative,conservative,0,3944,3934,0,0,3231,27.8948,0.5366,0,0,0,0.997465,5.6484
264,5000,Serialized-memory dominated,conservative,conservative,0,3876,3876,0,0,3257,28.0156,0.5286,0,0,0,1,5.6246
265,5000,Serialized-memory dominated,conservative,conservative,0,3570,3576,0,0,3390,28.2078,0.4872,0,0,0,1.00168,5.5184
266,5000,Serialized-memory dominated,conservative,conservative,0,3910,3914,0,0,3242,27.8764,0.5328,0,0,0,1.00102,5.6506
267,5000,Serialized-memory dominated,conservative,conservative,0,3893,3883,0,0,3252,27.9502,0.5308,0,0,0,0.997431,5.6254
268,5000,Serialized-memory dominated,conservative,conservative,0,3570,3570,0,0,3398,28.2728,0.4848,0,0,0,1,5.511
269,5000,Serialized-memory dominated,conservative,conservative,0,3893,3903,0,0,3246,27.8996,0.5324,0,0,0,1.00257,5.6618
270,5000,Serialized-memory dominated,conservative,conservative,0,3944,3944,0,0,3232,27.9822,0.5366,0,0,0,1,5.6494
271,5000,Serialized-memory dominated,conservative,conservative,0,3536,3536,0,0,3408,28.2106,0.4826,0,0,0,1,5.504
272,5000,Serialized-memory dominated,conservative,conservative,0,3944,3944,0,0,3229,27.992,0.5374,0,0,0,1,5.6692
273,5000,Serialized-memory dominated,conservative,conservative,0,3927,3929,0,0,3235,27.8864,0.536,0,0,0,1.00051,5.6704
274,5000,Serialized-memory dominated,conservative,conservative,0,3825,3823,0,0,3286,28.1088,0.5202,0,0,0,0.999477,5.6186
275,5000,Serialized-memory dominated,conservative,conservative,0,3629,3628,0,0,3371,28.1742,0.4942,0,0,0,0.999724,5.5188
276,5000,Serialized-memory dominated,conservative,conservative,0,3919,3920,0,0,3240,27.9696,0.5338,0,0,0,1.00026,5.6414
277,5000,Serialized-memory dominated,conservative,conservative,0,3893,3880,0,0,3253,27.796,0.528,0,0,0,0.996661,5.6218
278,5000,Serialized-memory dominated,conservative,conservative,0,3565,3573,0,0,3396,28.26,0.4874,0,0,0,1.00224,5.5102
279,5000,Serialized-memory dominated,conservative,conservative,0,3898,3903,0,0,3242,27.6998,0.5318,0,0,0,1.00128,5.6388
280,5000,Serialized-memory dominated,conservative,conservative,0,3944,3944,0,0,3231,27.8564,0.5366,0,0,0,1,5.65
281,5000,Serialized-memory dominated,conservative,conservative,0,3536,3536,0,0,3409,28.0534,0.482,0,0,0,1,5.4844
282,5000,Serialized-memory dominated,conservative,conservative,0,3944,3940,0,0,3226,27.8488,0.5374,0,0,0,0.998986,5.6688
283,5000,Serialized-memory dominated,conservative,conservative,0,3876,3884,0,0,3253,27.7706,0.5284,0,0,0,1.00206,5.6444
284,5000,Serialized-memory dominated,conservative,conservative,0,3587,3573,0,0,3393,28.1044,0.4878,0,0,0,0.996097,5.515
285,5000,Serialized-memory dominated,conservative,conservative,0,3876,3876,0,0,3257,27.8846,0.529,0,0,0,1,5.6376
286,5000,Serialized-memory dominated,conservative,conservative,0,3922,3927,0,0,3235,27.8344,0.5348,0,0,0,1.00127,5.6626
287,5000,Serialized-memory dominated,conservative,conservative,0,3570,3570,0,0,3391,28.0748,0.4862,0,0,0,1,5.4964
288,5000,Serialized-memory dominated,conservative,conservative,0,3881,3886,0,0,3252,27.774,0.5296,0,0,0,1.00129,5.6514
289,5000,Serialized-memory dominated,conservative,conservative,0,3944,3944,0,0,3224,27.7354,0.5376,0,0,0,1,5.6718
290,5000,Serialized-memory dominated,conservative,conservative,0,3536,3536,0,0,3407,28.2994,0.482,0,0,0,1,5.4976
291,5000,Serialized-memory dominated,conservative,conservative,0,3944,3944,0,0,3232,27.8356,0.5382,0,0,0,1,5.6684
292,5000,Serialized-memory dominated,conservative,conservative,0,3910,3900,0,0,3243,27.892,0.5328,0,0,0,0.997442,5.6466
293,5000,Serialized-memory dominated,conservative,conservative,0,3570,3580,0,0,3390,28.206,0.4868,0,0,0,1.0028,5.502
294,5000,Serialized-memory dominated,conservative,conservative,0,3893,3883,0,0,3254,27.9442,0.5294,0,0,0,0.997431,5.6252
295,5000,Serialized-memory dominated,conservative,conservative,0,3383,3393,0,0,3435,27.4102,0.4678,0,0,0,1.00296,5.9488
296,5000,Serialized-memory dominated,conservative,conservative,0,3106,3101,0,0,3562,27.4912,0.4286,0,0,0,0.99839,5.7684
297,5000,Serialized-memory dominated,conservative,conservative,0,3558,3563,0,0,3370,27.4694,0.4904,0,0,0,1.00141,5.8952
298,5000,Serialized-memory dominated,conservative,conservative,0,3927,3917,0,0,3244,27.9816,0.5334,0,0,0,0.997454,5.6366
299,5000,Serialized-memory dominated,conservative,conservative,0,3417,3427,0,0,3451,28.0652,0.4668,0,0,0,1.00293,5.5794
300,5000,Serialized-memory dominated,conservative,conservative,0,3876,3876,0,0,3264,27.9084,0.5276,0,0,0,1,5.6674
301,5000,Serialized-memory dominated,conservative,conservative,0,3944,3944,0,0,3227,27.8778,0.5368,0,0,0,1,5.647
302,5000,Serialized-memory dominated,conservative,conservative,0,3944,3934,0,0,3229,27.729,0.5362,0,0,0,0.997465,5.6476
303,5000,Serialized-memory dominated,conservative,conservative,0,3519,3533,0,0,3413,28.119,0.4806,0,0,0,1.00398,5.4828
304,5000,Serialized-memory dominated,conservative,conservative,0,3884,3879,0,0,3254,27.8384,0.5278,0,0,0,0.998713,5.6204
305,5000,Serialized-memory dominated,conservative,conservative,0,3919,3924,0,0,3236,27.8254,0.5348,0,0,0,1.00128,5.6638
306,5000,Serialized-memory dominated,conservative,conservative,0,3531,3522,0,0,3411,28.0576,0.4804,0,0,0,0.997451,5.491
307,5000,Serialized-memory dominated,conservative,conservative,0,3915,3924,0,0,3235,27.855,0.5344,0,0,0,1.0023,5.6624
308,5000,Serialized-memory dominated,conservative,conservative,0,3944,3940,0,0,3228,27.8042,0.5374,0,0,0,0.998986,5.6712
309,5000,Serialized-memory dominated,conservative,conservative,0,3536,3536,0,0,3408,28.1194,0.481,0,0,0,1,5.482
310,5000,Serialized-memory dominated,conservative,conservative,0,3944,3944,0,0,3231,27.8564,0.5366,0,0,0,1,5.65
311,5000,Serialized-memory dominated,conservative,conservative,0,3944,3944,0,0,3227,27.7494,0.5376,0,0,0,1,5.6726
312,5000,Serialized-memory dominated,conservative,conservative,0,3536,3536,0,0,3411,28.1502,0.4824,0,0,0,1,5.5006
313,5000,Serialized-memory dominated,conservative,conservative,0,3927,3917,0,0,3239,27.7908,0.5342,0,0,0,0.997454,5.6556
314,5000,Serialized-memory dominated,conservative,conservative,0,3876,3879,0,0,3258,28.0042,0.5306,0,0,0,1.00077,5.6524
315,5000,Serialized-memory dominated,conservative,conservative,0,3604,3604,0,0,3382,28.2452,0.4912,0,0,0,1,5.5106
316,5000,Serialized-memory dominated,conservative,conservative,0,3888,3890,0,0,3254,27.9854,0.5278,0,0,0,1.00051,5.6236
317,5000,Serialized-memory dominated,conservative,conservative,0,3915,3919,0,0,3240,28.0146,0.5344,0,0,0,1.00102,5.6408
318,5000,Serialized-memory dominated,conservative,conservative,0,3502,3503,0,0,3424,28.337,0.4762,0,0,0,1.00029,5.4842
319,5000,Serialized-memory dominated,conservative,conservative,0,3944,3944,0,0,3228,27.857,0.5384,0,0,0,1,5.6654
320,5000,Serialized-memory dominated,conservative,conservative,0,3927,3920,0,0,3237,27.8388,0.5362,0,0,0,0.998217,5.6438
321,5000,Serialized-memory dominated,conservative,conservative,0,3553,3560,0,0,3404,28.3336,0.4826,0,0,0,1.00197,5.4854
322,5000,Serialized-memory dominated,conservative,conservative,0,3901,3900,0,0,3248,27.9,0.5316,0,0,0,0.999744,5.6348
323,5000,Serialized-memory dominated,conservative,conservative,0,3919,3916,0,0,3236,27.9554,0.534,0,0,0,0.999234,5.642
324,5000,Serialized-memory dominated,conservative,conservative,0,3536,3540,0,0,3405,28.2168,0.4828,0,0,0,1.00113,5.524
325,5000,Serialized-memory dominated,conservative,conservative,0,3910,3909,0,0,3242,27.9668,0.5334,0,0,0,0.999744,5.635
326,5000,Serialized-memory dominated,conservative,conservative,0,3910,3911,0,0,3243,27.9518,0.532,0,0,0,1.00026,5.659
327,5000,Serialized-memory dominated,conservative,conservative,0,3672,3672,0,0,3348,28.217,0.5004,0,0,0,1,5.5554
328,5000,Serialized-memory dominated,conservative,conservative,0,3808,3808,0,0,3290,27.9914,0.5188,0,0,0,1,5.5966
329,5000,Serialized-memory dominated,conservative,conservative,0,3944,3944,0,0,3225,27.933,0.537,0,0,0,1,5.6504
330,5000,Serialized-memory dominated,conservative,conservative,0,3927,3917,0,0,3238,27.8962,0.5354,0,0,0,0.997454,5.6672
331,5000,Serialized-memory dominated,conservative,conservative,0,3553,3563,0,0,3397,28.193,0.4848,0,0,0,1.00281,5.5034
332,5000,Serialized-memory dominated,conservative,conservative,0,3893,3886,0,0,3250,27.7822,0.5312,0,0,0,0.998202,5.651
333,5000,Serialized-memory dominated,conservative,conservative,0,3927,3924,0,0,3234,27.8412,0.5338,0,0,0,0.999236,5.6576
334,5000,Serialized-memory dominated,conservative,conservative,0,3561,3570,0,0,3399,28.0742,0.4852,0,0,0,1.00253,5.496
335,5000,Serialized-memory dominated,conservative,conservative,0,3885,3876,0,0,3255,27.814,0.529,0,0,0,0.997683,5.6468
336,5000,Serialized-memory dominated,conservative,conservative,0,3910,3920,0,0,3241,27.7968,0.5332,0,0,0,1.00256,5.6418
337,5000,Serialized-memory dominated,conservative,conservative,0,3536,3536,0,0,3407,28.1536,0.4828,0,0,0,1,5.4976
338,5000,Serialized-memory dominated,conservative,conservative,0,3944,3944,0,0,3233,27.902,0.5376,0,0,0,1,5.6664
339,5000,Serialized-memory dominated,conservative,conservative,0,3944,3944,0,0,3227,27.7494,0.5376,0,0,0,1,5.6726
340,5000,Serialized-memory dominated,conservative,conservative,0,3536,3536,0,0,3412,28.23,0.4812,0,0,0,1,5.479
341,5000,Serialized-memory dominated,conservative,conservative,0,3944,3944,0,0,3226,27.729,0.5368,0,0,0,1,5.6522
342,5000,Serialized-memory dominated,conservative,conservative,0,3893,3883,0,0,3256,27.8306,0.5298,0,0,0,0.997431,5.6262
343,5000,Serialized-memory dominated,conservative,conservative,0,3247,3257,0,0,3518,28.1116,0.4452,0,0,0,1.00308,5.5912
344,5000,Serialized-memory dominated,conservative,conservative,0,3502,3498,0,0,3380,27.006,0.483,0,0,0,0.998858,5.9828
345,5000,Serialized-memory dominated,conservative,conservative,0,3493,3496,0,0,3387,27.2458,0.4826,0,0,0,1.00086,5.9476
346,5000,Serialized-memory dominated,conservative,conservative,0,3069,3070,0,0,3580,27.7986,0.4242,0,0,0,1.00033,5.7106
347,5000,Serialized-memory dominated,conservative,conservative,0,3502,3492,0,0,3382,27.006,0.4822,0,0,0,0.997144,5.9746
348,5000,Serialized-memory dominated,conservative,conservative,0,3519,3519,0,0,3384,27.3606,0.487,0,0,0,1,5.9242
349,5000,Serialized-memory dominated,conservative,conservative,0,3519,3529,0,0,3417,28.2438,0.4784,0,0,0,1.00284,5.4934
350,5000,Serialized-memory dominated,conservative,conservative,0,3927,3920,0,0,3236,27.8344,0.5368,0,0,0,0.998217,5.6598
351,5000,Serialized-memory dominated,conservative,conservative,0,3927,3924,0,0,3240,27.9386,0.5322,0,0,0,0.999236,5.6378
352,5000,Serialized-memory dominated,conservative,conservative,0,3536,3548,0,0,3403,28.1938,0.4844,0,0,0,1.00339,5.5132
353,5000,Serialized-memory dominated,conservative,conservative,0,3888,3881,0,0,3255,28.0138,0.5278,0,0,0,0.9982,5.62
354,5000,Serialized-memory dominated,conservative,conservative,0,3915,3916,0,0,3238,27.9202,0.5352,0,0,0,1.00026,5.6668
355,5000,Serialized-memory dominated,conservative,conservative,0,3791,3795,0,0,3300,28.0994,0.5162,0,0,0,1.00106,5.6066
356,5000,Serialized-memory dominated,conservative,conservative,0,3689,3676,0,0,3344,28.041,0.5018,0,0,0,0.996476,5.5518
357,5000,Serialized-memory dominated,conservative,conservative,0,3927,3940,0,0,3234,27.9066,0.5376,0,0,0,1.00331,5.6696
358,5000,Serialized-memory dominated,conservative,conservative,0,3944,3944,0,0,3229,27.9458,0.5372,0,0,0,1,5.671
359,5000,Serialized-memory dominated,conservative,conservative,0,3536,3536,0,0,3410,28.244,0.4816,0,0,0,1,5.4808
360,5000,Serialized-memory dominated,conservative,conservative,0,3939,3934,0,0,3228,27.9336,0.5356,0,0,0,0.998731,5.6438
361,5000,Serialized-memory dominated,conservative,conservative,0,3881,3882,0,0,3257,27.9884,0.5292,0,0,0,1.00026,5.6312
362,5000,Serialized-memory dominated,conservative,conservative,0,3548,3544,0,0,3404,28.2316,0.4828,0,0,0,0.998873,5.4982
363,5000,Serialized-memory dominated,conservative,conservative,0,3881,3879,0,0,3258,28.052,0.5296,0,0,0,0.999485,5.6286
364,5000,Serialized-memory dominated,conservative,conservative,0,3927,3937,0,0,3230,27.8716,0.5342,0,0,0,1.00255,5.6442
365,5000,Serialized-memory dominated,conservative,conservative,0,3570,3560,0,0,3400,28.0686,0.4852,0,0,0,0.997199,5.4918
366,5000,Serialized-memory dominated,conservative,conservative,0,3922,3924,0,0,3236,27.8856,0.5334,0,0,0,1.00051,5.6382
367,5000,Serialized-memory dominated,conservative,conservative,0,3932,3940,0,0,3228,27.6436,0.5372,0,0,0,1.00203,5.678
368,5000,Serialized-memory dominated,conservative,conservative,0,3536,3536,0,0,3408,28.244,0.4822,0,0,0,1,5.496
369,5000,Serialized-memory dominated,conservative,conservative,0,3944,3944,0,0,3225,27.8214,0.5378,0,0,0,1,5.6704
370,5000,Serialized-memory dominated,conservative,conservative,0,3910,3900,0,0,3242,27.933,0.5332,0,0,0,0.997442,5.657
371,5000,Serialized-memory dominated,conservative,conservative,0,3553,3553,0,0,3398,28.152,0.4824,0,0,0,1,5.4848
372,5000,Serialized-memory dominated,conservative,conservative,0,3876,3876,0,0,3254,27.933,0.5286,0,0,0,1,5.6416
373,5000,Serialized-memory dominated,conservative,conservative,0,3893,3903,0,0,3250,28.044,0.5312,0,0,0,1.00257,5.6346
374,5000,Serialized-memory dominated,conservative,conservative,0,3604,3594,0,0,3377,28.1522,0.492,0,0,0,0.997225,5.528
375,5000,Serialized-memory dominated,conservative,conservative,0,3876,3890,0,0,3254,27.8894,0.5292,0,0,0,1.00361,5.6398
376,5000,Serialized-memory dominated,conservative,conservative,0,3944,3940,0,0,3229,27.9184,0.5368,0,0,0,0.998986,5.6506
377,5000,Serialized-memory dominated,conservative,conservative,0,3536,3536,0,0,3407,28.2042,0.482,0,0,0,1,5.5038
378,5000,Serialized-memory dominated,conservative,conservative,0,3927,3929,0,0,3233,27.8708,0.5366,0,0,0,1.00051,5.671
379,5000,Serialized-memory dominated,conservative,conservative,0,3961,3955,0,0,3225,27.9792,0.538,0,0,0,0.998485,5.6534
380,5000,Serialized-memory dominated,conservative,conservative,0,3536,3540,0,0,3409,28.186,0.4824,0,0,0,1.00113,5.5062
381,5000,Serialized-memory dominated,conservative,conservative,0,3939,3934,0,0,3232,27.948,0.5366,0,0,0,0.998731,5.6568
382,5000,Serialized-memory dominated,conservative,conservative,0,3881,3882,0,0,3254,27.9576,0.5306,0,0,0,1.00026,5.6646
383,5000,Serialized-memory dominated,conservative,conservative,0,3876,3880,0,0,3261,28.0058,0.5278,0,0,0,1.00103,5.623
384,5000,Serialized-memory dominated,conservative,conservative,0,3553,3543,0,0,3403,28.168,0.4846,0,0,0,0.997185,5.4904
385,5000,Serialized-memory dominated,conservative,conservative,0,3927,3937,0,0,3232,28.009,0.534,0,0,0,1.00255,5.6408
386,5000,Serialized-memory dominated,conservative,conservative,0,3944,3944,0,0,3226,27.8976,0.5368,0,0,0,1,5.6522
387,5000,Serialized-memory dominated,conservative,conservative,0,3536,3536,0,0,3410,28.1916,0.4826,0,0,0,1,5.4988
388,5000,Serialized-memory dominated,conservative,conservative,0,3944,3934,0,0,3227,27.7644,0.537,0,0,0,0.997465,5.6486
389,5000,Serialized-memory dominated,conservative,conservative,0,3927,3927,0,0,3240,27.8638,0.5328,0,0,0,1,5.6384
390,5000,Serialized-memory dominated,conservative,conservative,0,3553,3563,0,0,3396,28.0952,0.4852,0,0,0,1.00281,5.4946
391,5000,Serialized-memory dominated,conservative,conservative,0,3893,3895,0,0,3252,27.82,0.5308,0,0,0,1.00051,5.6324
392,5000,Serialized-memory dominated,conservative,conservative,0,3859,3857,0,0,3264,27.8216,0.5252,0,0,0,0.999482,5.636
393,5000,Serialized-memory dominated,conservative,conservative,0,3519,3521,0,0,3407,28.2192,0.4806,0,0,0,1.00057,5.4902
394,5000,Serialized-memory dominated,conservative,conservative,0,3723,3717,0,0,3301,27.6542,0.5084,0,0,0,0.998388,5.781
395,5000,Serialized-memory dominated,conservative,conservative,0,3434,3438,0,0,3406,27.0734,0.4758,0,0,0,1.00116,5.9738
396,5000,Serialized-memory dominated,conservative,conservative,0,3094,3090,0,0,3570,27.6674,0.4266,0,0,0,0.998707,5.7718
397,5000,Serialized-memory dominated,conservative,conservative,0,3774,3778,0,0,3298,27.7978,0.5162,0,0,0,1.00106,5.7604
398,5000,Serialized-memory dominated,conservative,conservative,0,3944,3944,0,0,3227,27.784,0.5366,0,0,0,1,5.6508
399,5000,Serialized-memory dominated,conservative,conservative,0,3536,3536,0,0,3406,28.1822,0.4826,0,0,0,1,5.4972
400,5000,Serialized-memory dominated,conservative,conservative,0,3910,3906,0,0,3248,27.8286,0.5344,0,0,0,0.998977,5.6566
401,5000,Serialized-memory dominated,conservative,conservative,0,3922,3918,0,0,3237,27.9326,0.533,0,0,0,0.99898,5.6466
402,5000,Serialized-memory dominated,conservative,conservative,0,3570,3573,0,0,3395,28.1758,0.486,0,0,0,1.00084,5.4944
403,5000,Serialized-memory dominated,conservative,conservative,0,3881,3879,0,0,3256,27.796,0.5302,0,0,0,0.999485,5.6328
404,5000,Serialized-memory dominated,conservative,conservative,0,3893,3900,0,0,3250,27.8598,0.529,0,0,0,1.0018,5.6282
405,5000,Serialized-memory dominated,conservative,conservative,0,3553,3543,0,0,3401,28.0818,0.485,0,0,0,0.997185,5.5084
406,5000,Serialized-memory dominated,conservative,conservative,0,3927,3937,0,0,3234,27.9466,0.5346,0,0,0,1.00255,5.6408
407,5000,Serialized-memory dominated,conservative,conservative,0,3944,3944,0,0,3226,27.8976,0.5368,0,0,0,1,5.6522
408,5000,Serialized-memory dominated,conservative,conservative,0,3536,3536,0,0,3412,28.389,0.4812,0,0,0,1,5.479
409,5000,Serialized-memory dominated,conservative,conservative,0,3944,3934,0,0,3225,27.788,0.5374,0,0,0,0.997465,5.6504
410,5000,Serialized-memory dominated,conservative,conservative,0,3884,3890,0,0,3258,28.009,0.5284,0,0,0,1.00154,5.6464
411,5000,Serialized-memory dominated,conservative,conservative,0,3885,3876,0,0,3256,27.9624,0.528,0,0,0,0.997683,5.623
412,5000,Serialized-memory dominated,conservative,conservative,0,3570,3585,0,0,3388,28.1846,0.49,0,0,0,1.0042,5.5204
413,5000,Serialized-memory dominated,conservative,conservative,0,3893,3891,0,0,3248,27.921,0.5298,0,0,0,0.999486,5.6478
414,5000,Serialized-memory dominated,conservative,conservative,0,3944,3944,0,0,3230,27.9566,0.5372,0,0,0,1,5.6718
415,5000,Serialized-memory dominated,conservative,conservative,0,3536,3536,0,0,3409,28.1892,0.482,0,0,0,1,5.4866
416,5000,Serialized-memory dominated,conservative,conservative,0,3944,3944,0,0,3226,27.978,0.5374,0,0,0,1,5.6684
417,5000,Serialized-memory dominated,conservative,conservative,0,3944,3944,0,0,3225,27.8774,0.5374,0,0,0,1,5.6736
418,5000,Serialized-memory dominated,conservative,conservative,0,3536,3536,0,0,3407,28.2258,0.4826,0,0,0,1,5.4976
419,5000,Serialized-memory dominated,conservative,conservative,0,3927,3917,0,0,3241,27.9432,0.5348,0,0,0,0.997454,5.6724
420,5000,Serialized-memory dominated,conservative,conservative,0,3910,3910,0,0,3241,27.951,0.5344,0,0,0,1,5.6414
421,5000,Serialized-memory dominated,conservative,conservative,0,3570,3573,0,0,3398,28.2742,0.4862,0,0,0,1.00084,5.4996
422,5000,Serialized-memory dominated,conservative,conservative,0,3884,3890,0,0,3253,27.991,0.5286,0,0,0,1.00154,5.644
423,5000,Serialized-memory dominated,conservative,conservative,0,3885,3886,0,0,3253,27.9562,0.5296,0,0,0,1.00026,5.651
424,5000,Serialized-memory dominated,conservative,conservative,0,3570,3560,0,0,3400,28.1996,0.486,0,0,0,0.997199,5.5122
425,5000,Serialized-memory dominated,conservative,conservative,0,3910,3920,0,0,3242,27.7788,0.5336,0,0,0,1.00256,5.6662
426,5000,Serialized-memory dominated,conservative,conservative,0,3944,3944,0,0,3228,27.7724,0.5378,0,0,0,1,5.6708
427,5000,Serialized-memory dominated,conservative,conservative,0,3536,3536,0,0,3412,28.2098,0.481,0,0,0,1,5.4808
428,5000,Serialized-memory dominated,conservative,conservative,0,3944,3944,0,0,3228,27.8382,0.5368,0,0,0,1,5.6492
429,5000,Serialized-memory dominated,conservative,conservative,0,3910,3906,0,0,3240,27.795,0.5328,0,0,0,0.998977,5.6378
430,5000,Serialized-memory dominated,conservative,conservative,0,3536,3530,0,0,3414,28.2268,0.4804,0,0,0,0.998303,5.4916
431,5000,Serialized-memory dominated,conservative,conservative,0,3876,3876,0,0,3257,27.8334,0.5296,0,0,0,1,5.6244
432,5000,Serialized-memory dominated,conservative,conservative,0,3927,3924,0,0,3237,27.8376,0.5322,0,0,0,0.999236,5.6358
433,5000,Serialized-memory dominated,conservative,conservative,0,3519,3532,0,0,3413,28.1758,0.4812,0,0,0,1.00369,5.4822
434,5000,Serialized-memory dominated,conservative,conservative,0,3944,3944,0,0,3225,27.6946,0.5372,0,0,0,1,5.6522
435,5000,Serialized-memory dominated,conservative,conservative,0,3944,3944,0,0,3228,27.714,0.5374,0,0,0,1,5.6752
436,5000,Serialized-memory dominated,conservative,conservative,0,3672,3672,0,0,3347,28.1118,0.5004,0,0,0,1,5.5554
437,5000,Serialized-memory dominated,conservative,conservative,0,3808,3808,0,0,3286,27.9108,0.5198,0,0,0,1,5.6092
438,5000,Serialized-memory dominated,conservative,conservative,0,3927,3920,0,0,3236,27.8564,0.5364,0,0,0,0.998217,5.6852
439,5000,Serialized-memory dominated,conservative,conservative,0,3884,3890,0,0,3254,28.0192,0.528,0,0,0,1.00154,5.623
440,5000,Serialized-memory dominated,conservative,conservative,0,3562,3559,0,0,3396,28.2028,0.4862,0,0,0,0.999158,5.497
441,5000,Serialized-memory dominated,conservative,conservative,0,3893,3887,0,0,3255,27.9538,0.529,0,0,0,0.998459,5.6458
442,5000,Serialized-memory dominated,conservative,conservative,0,3922,3924,0,0,3235,27.9858,0.534,0,0,0,1.00051,5.6596
443,5000,Serialized-memory dominated,conservative,conservative,0,3043,3046,0,0,3597,27.884,0.4206,0,0,0,1.00099,5.777
444,5000,Serialized-memory dominated,conservative,conservative,0,3405,3410,0,0,3421,27.0942,0.4714,0,0,0,1.00147,5.945
445,5000,Serialized-memory dominated,conservative,conservative,0,3174,3169,0,0,3535,27.6372,0.4372,0,0,0,0.998425,5.971
446,5000,Serialized-memory dominated,conservative,conservative,0,3082,3087,0,0,3594,28.5842,0.4212,0,0,0,1.00162,5.3306
447,5000,Serialized-memory dominated,conservative,conservative,0,3383,3385,0,0,3452,28.2428,0.4626,0,0,0,1.00059,5.4286
448,5000,Serialized-memory dominated,conservative,conservative,0,3213,3211,0,0,3538,28.102,0.4394,0,0,0,0.999378,5.5528
449,5000,Serialized-memory dominated,conservative,conservative,0,2924,2924,0,0,3668,28.6836,0.3998,0,0,0,1,5.2806
450,5000,Serialized-memory dominated,conservative,conservative,0,3400,3400,0,0,3445,28.2398,0.464,0,0,0,1,5.4326
451,5000,Serialized-memory dominated,conservative,conservative,0,3400,3400,0,0,3457,28.194,0.4632,0,0,0,1,5.4192
452,5000,Serialized-memory dominated,conservative,conservative,0,2992,2992,0,0,3629,28.4828,0.4084,0,0,0,1,5.2702
453,5000,Serialized-memory dominated,conservative,conservative,0,3366,3362,0,0,3466,28.2676,0.4592,0,0,0,0.998812,5.3986
454,5000,Serialized-memory dominated,conservative,conservative,0,3434,3438,0,0,3435,28.1772,0.468,0,0,0,1.00116,5.4314
455,5000,Serialized-memory dominated,conservative,conservative,0,2949,2948,0,0,3649,28.5532,0.4028,0,0,0,0.999661,5.2664
456,5000,Serialized-memory dominated,conservative,conservative,0,3404,3400,0,0,3455,28.2274,0.4632,0,0,0,0.998825,5.4184
457,5000,Serialized-memory dominated,conservative,conservative,0,3405,3400,0,0,3445,28.1944,0.4648,0,0,0,0.998532,5.435
458,5000,Serialized-memory dominated,conservative,conservative,0,2958,2958,0,0,3648,28.6562,0.404,0,0,0,1,5.2934
459,5000,Serialized-memory dominated,conservative,conservative,0,3400,3410,0,0,3460,28.2164,0.4648,0,0,0,1.00294,5.4258
460,5000,Serialized-memory dominated,conservative,conservative,0,3366,3356,0,0,3464,28.2614,0.4584,0,0,0,0.997029,5.414
461,5000,Serialized-memory dominated,conservative,conservative,0,3026,3038,0,0,3609,28.4618,0.4142,0,0,0,1.00397,5.2874
462,5000,Serialized-memory dominated,conservative,conservative,0,3434,3428,0,0,3438,28.1768,0.4678,0,0,0,0.998253,5.4322
463,5000,Serialized-memory dominated,conservative,conservative,0,3366,3360,0,0,3461,28.2566,0.4586,0,0,0,0.998217,5.4162
464,5000,Serialized-memory dominated,conservative,conservative,0,3264,3274,0,0,3513,28.375,0.4456,0,0,0,1.00306,5.3644
465,5000,Serialized-memory dominated,conservative,conservative,0,3038,3033,0,0,3611,28.274,0.415,0,0,0,0.998354,5.2774
466,5000,Serialized-memory dominated,conservative,conservative,0,3269,3276,0,0,3504,28.1794,0.4488,0,0,0,1.00214,5.384
467,5000,Serialized-memory dominated,conservative,conservative,0,3264,3255,0,0,3513,28.101,0.4462,0,0,0,0.997243,5.379
468,5000,Serialized-memory dominated,conservative,conservative,0,2941,2952,0,0,3650,28.5434,0.4016,0,0,0,1.00374,5.2276
469,5000,Serialized-memory dominated,conservative,conservative,0,3366,3366,0,0,3460,28.2252,0.4596,0,0,0,1,5.4422
470,5000,Serialized-memory dominated,conservative,conservative,0,3451,3437,0,0,3439,28.218,0.468,0,0,0,0.995943,5.4498
471,5000,Serialized-memory dominated,conservative,conservative,0,2975,2989,0,0,3632,28.487,0.408,0,0,0,1.00471,5.2546
472,5000,Serialized-memory dominated,conservative,conservative,0,3400,3396,0,0,3453,28.2232,0.4632,0,0,0,0.998824,5.4354
473,5000,Serialized-memory dominated,conservative,conservative,0,3417,3407,0,0,3446,28.2202,0.4642,0,0,0,0.997073,5.4346
474,5000,Serialized-memory dominated,conservative,conservative,0,2924,2924,0,0,3660,28.5926,0.4004,0,0,0,1,5.239
475,5000,Serialized-memory dominated,conservative,conservative,0,3451,3451,0,0,3434,28.1664,0.4706,0,0,0,1,5.4628
476,5000,Serialized-memory dominated,conservative,conservative,0,3349,3355,0,0,3465,28.2722,0.4582,0,0,0,1.00179,5.3984
477,5000,Serialized-memory dominated,conservative,conservative,0,2975,2979,0,0,3634,28.5024,0.4056,0,0,0,1.00134,5.2588
478,5000,Serialized-memory dominated,conservative,conservative,0,3400,3400,0,0,3457,28.2158,0.4634,0,0,0,1,5.4396
479,5000,Serialized-memory dominated,conservative,conservative,0,3400,3400,0,0,3445,28.2334,0.4638,0,0,0,1,5.413
480,5000,Serialized-memory dominated,conservative,conservative,0,3038,3033,0,0,3619,28.439,0.414,0,0,0,0.998354,5.308
481,5000,Serialized-memory dominated,conservative,conservative,0,3371,3366,0,0,3464,28.243,0.4596,0,0,0,0.998517,5.4218
482,5000,Serialized-memory dominated,conservative,conservative,0,3383,3393,0,0,3449,28.2586,0.4624,0,0,0,1.00296,5.412
483,5000,Serialized-memory dominated,conservative,conservative,0,3043,3036,0,0,3617,28.4358,0.4166,0,0,0,0.9977,5.3162
484,5000,Serialized-memory dominated,conservative,conservative,0,3366,3363,0,0,3460,28.2292,0.4574,0,0,0,0.999109,5.3918
485,5000,Serialized-memory dominated,conservative,conservative,0,3383,3393,0,0,3450,28.2454,0.4624,0,0,0,1.00296,5.4342
486,5000,Serialized-memory dominated,conservative,conservative,0,3128,3128,0,0,3582,28.3504,0.4268,0,0,0,1,5.3298
487,5000,Serialized-memory dominated,conservative,conservative,0,3332,3322,0,0,3477,28.2688,0.454,0,0,0,0.996999,5.3882
488,5000,Serialized-memory dominated,conservative,conservative,0,3400,3410,0,0,3451,28.2274,0.4636,0,0,0,1.00294,5.4388
489,5000,Serialized-memory dominated,conservative,conservative,0,3026,3016,0,0,3620,28.4722,0.4136,0,0,0,0.996695,5.2802
490,5000,Serialized-memory dominated,conservative,conservative,0,3323,3332,0,0,3478,28.284,0.4528,0,0,0,1.00271,5.4002
491,5000,Serialized-memory dominated,conservative,conservative,0,3443,3434,0,0,3440,28.2136,0.4698,0,0,0,0.997386,5.457
492,5000,Serialized-memory dominated,conservative,conservative,0,3332,3342,0,0,3471,28.2632,0.4546,0,0,0,1.003,5.4074
493,5000,Serialized-memory dominated,conservative,conservative,0,2992,2992,0,0,3628,28.4794,0.4084,0,0,0,1,5.2484
494,5000,Serialized-memory dominated,conservative,conservative,0,3400,3400,0,0,3459,28.2476,0.4636,0,0,0,1,5.4386
495,5000,Serialized-memory dominated,conservative,conservative,0,3400,3400,0,0,3443,28.1882,0.4638,0,0,0,1,5.4344
496,5000,Serialized-memory dominated,conservative,conservative,0,2919,2914,0,0,3673,28.7248,0.3976,0,0,0,0.998287,5.2322
497,5000,Serialized-memory dominated,conservative,conservative,0,3371,3366,0,0,3465,28.215,0.4606,0,0,0,0.998517,5.4276
498,5000,Serialized-memory dominated,conservative,conservative,0,3366,3376,0,0,3457,28.2942,0.4592,0,0,0,1.00297,5.419
499,5000,Serialized-memory dominated,conservative,conservative,0,2720,2720,0,0,3748,28.3352,0.3744,0,0,0,1,5.4566
500,5000,Serialized-memory dominated,conservative,conservative,0,3123,3118,0,0,3553,27.4812,0.431,0,0,0,0.998399,5.7752
501,5000,Serialized-memory dominated,conservative,conservative,0,2861,2866,0,0,3675,28.0312,0.3962,0,0,0,1.00175,5.6476
502,5000,Serialized-memory dominated,conservative,conservative,0,2856,2856,0,0,3681,28.1322,0.3934,0,0,0,1,5.4928
503,5000,Serialized-memory dominated,conservative,conservative,0,3400,3400,0,0,3426,27.2602,0.47,0,0,0,1,5.9766
504,5000,Serialized-memory dominated,conservative,conservative,0,3391,3390,0,0,3428,27.0382,0.469,0,0,0,0.999705,5.9166
505,5000,Serialized-memory dominated,conservative,conservative,0,3307,3298,0,0,3518,28.4436,0.4516,0,0,0,0.997279,5.4254
506,5000,Serialized-memory dominated,conservative,conservative,0,3740,3740,0,0,3316,27.838,0.5094,0,0,0,1,5.584
507,5000,Serialized-memory dominated,conservative,conservative,0,3774,3784,0,0,3297,28.027,0.515,0,0,0,1.00265,5.587
508,5000,Serialized-memory dominated,conservative,conservative,0,3553,3549,0,0,3395,28.0368,0.4848,0,0,0,0.998874,5.4934
509,5000,Serialized-memory dominated,conservative,conservative,0,3842,3836,0,0,3288,28.276,0.5204,0,0,0,0.998438,5.6106
510,5000,Serialized-memory dominated,conservative,conservative,0,3757,3767,0,0,3311,28.075,0.513,0,0,0,1.00266,5.58
511,5000,Serialized-memory dominated,conservative,conservative,0,3446,3441,0,0,3449,28.293,0.47,0,0,0,0.998549,5.461
512,5000,Serialized-memory dominated,conservative,conservative,0,3762,3767,0,0,3301,27.9354,0.5136,0,0,0,1.00133,5.5844
513,5000,Serialized-memory dominated,conservative,conservative,0,3791,3781,0,0,3296,27.9796,0.5168,0,0,0,0.997362,5.6054
514,5000,Serialized-memory dominated,conservative,conservative,0,3553,3563,0,0,3399,28.2346,0.485,0,0,0,1.00281,5.5142
515,5000,Serialized-memory dominated,conservative,conservative,0,3808,3808,0,0,3285,27.9158,0.5202,0,0,0,1,5.6112
516,5000,Serialized-memory dominated,conservative,conservative,0,3757,3747,0,0,3306,27.886,0.5126,0,0,0,0.997338,5.5864
517,5000,Serialized-memory dominated,conservative,conservative,0,3451,3461,0,0,3442,28.3624,0.471,0,0,0,1.0029,5.4508
518,5000,Serialized-memory dominated,conservative,conservative,0,3723,3716,0,0,3318,27.914,0.5104,0,0,0,0.99812,5.5984
519,5000,Serialized-memory dominated,conservative,conservative,0,3757,3764,0,0,3306,27.9246,0.5118,0,0,0,1.00186,5.5742
520,5000,Serialized-memory dominated,conservative,conservative,0,3808,3808,0,0,3285,27.9568,0.5184,0,0,0,1,5.595
521,5000,Serialized-memory dominated,conservative,conservative,0,3536,3536,0,0,3405,28.097,0.4838,0,0,0,1,5.5254
522,5000,Serialized-memory dominated,conservative,conservative,0,3808,3808,0,0,3284,27.8652,0.5186,0,0,0,1,5.5928
523,5000,Serialized-memory dominated,conservative,conservative,0,3740,3742,0,0,3318,27.9186,0.5106,0,0,0,1.00053,5.5882
524,5000,Serialized-memory dominated,conservative,conservative,0,3366,3357,0,0,3483,28.275,0.4588,0,0,0,0.997326,5.4282
525,5000,Serialized-memory dominated,conservative,conservative,0,3706,3713,0,0,3324,27.968,0.5054,0,0,0,1.00189,5.575
526,5000,Serialized-memory dominated,conservative,conservative,0,3842,3838,0,0,3278,27.8922,0.5242,0,0,0,0.998959,5.6146
527,5000,Serialized-memory dominated,conservative,conservative,0,3536,3544,0,0,3405,28.2246,0.4824,0,0,0,1.00226,5.4992
528,5000,Serialized-memory dominated,conservative,conservative,0,3230,3226,0,0,3535,28.2888,0.4418,0,0,0,0.998762,5.4854
529,5000,Serialized-memory dominated,conservative,conservative,0,3128,3128,0,0,3579,28.5008,0.426,0,0,0,1,5.3546
530,5000,Serialized-memory dominated,conservative,conservative,0,2856,2856,0,0,3693,28.3936,0.3902,0,0,0,1,5.2484
531,5000,Serialized-memory dominated,conservative,conservative,0,3196,3196,0,0,3538,28.4098,0.436,0,0,0,1,5.4008
532,5000,Serialized-memory dominated,conservative,conservative,0,3145,3135,0,0,3562,28.2036,0.4294,0,0,0,0.99682,5.3168
533,5000,Serialized-memory dominated,conservative,conservative,0,2924,2921,0,0,3670,28.4664,0.4,0,0,0,0.998974,5.2928
534,5000,Serialized-memory dominated,conservative,conservative,0,3043,3056,0,0,3598,28.2928,0.4184,0,0,0,1.00427,5.2886
535,5000,Serialized-memory dominated,conservative,conservative,0,3128,3128,0,0,3566,28.3492,0.4282,0,0,0,1,5.3136
536,5000,Serialized-memory dominated,conservative,conservative,0,2788,2788,0,0,3729,28.5378,0.381,0,0,0,1,5.2406
537,5000,Serialized-memory dominated,conservative,conservative,0,3332,3332,0,0,3475,28.2184,0.4552,0,0,0,1,5.4338
538,5000,Serialized-memory dominated,conservative,conservative,0,3043,3036,0,0,3605,28.316,0.418,0,0,0,0.9977,5.3236
539,5000,Serialized-memory dominated,conservative,conservative,0,2830,2836,0,0,3717,28.73,0.3844,0,0,0,1.00212,5.2112
540,5000,Serialized-memory dominated,conservative,conservative,0,3103,3104,0,0,3578,28.2646,0.4248,0,0,0,1.00032,5.308
541,5000,Serialized-memory dominated,conservative,conservative,0,3196,3196,0,0,3540,28.3216,0.4378,0,0,0,1,5.383
542,5000,Serialized-memory dominated,conservative,conservative,0,2584,2584,0,0,3820,29.0106,0.352,0,0,0,1,5.1508
543,5000,Serialized-memory dominated,conservative,conservative,0,3357,3356,0,0,3463,28.0148,0.4588,0,0,0,0.999702,5.4482
544,5000,Serialized-memory dominated,conservative,conservative,0,3035,3036,0,0,3612,28.3518,0.416,0,0,0,1.00033,5.3216
545,5000,Serialized-memory dominated,conservative,conservative,0,2992,2992,0,0,3631,28.597,0.4076,0,0,0,1,5.2958
546,5000,Serialized-memory dominated,conservative,conservative,0,2983,2982,0,0,3635,28.3238,0.4064,0,0,0,0.999665,5.2568
547,5000,Serialized-memory dominated,conservative,conservative,0,3273,3274,0,0,3510,28.3208,0.4468,0,0,0,1.00031,5.413
548,5000,Serialized-memory dominated,conservative,conservative,0,3060,3060,0,0,3600,28.3814,0.4172,0,0,0,1,5.3258
549,5000,Serialized-memory dominated,conservative,conservative,0,2992,2992,0,0,3638,28.4132,0.4096,0,0,0,1,5.3018
550,5000,Serialized-memory dominated,conservative,conservative,0,3060,3050,0,0,3602,28.3438,0.4192,0,0,0,0.996732,5.322
551,5000,Serialized-memory dominated,conservative,conservative,0,3128,3142,0,0,3565,28.1906,0.4294,0,0,0,1.00448,5.3646
552,5000,Serialized-memory dominated,conservative,conservative,0,2800,2788,0,0,3728,28.594,0.3818,0,0,0,0.995714,5.1938
553,5000,Serialized-memory dominated,conservative,conservative,0,3252,3260,0,0,3512,28.2338,0.4462,0,0,0,1.00246,5.4118
554,5000,Serialized-memory dominated,conservative,conservative,0,3128,3128,0,0,3571,28.1396,0.4288,0,0,0,1,5.3576
555,5000,Serialized-memory dominated,conservative,conservative,0,2868,2860,0,0,3695,28.5742,0.3904,0,0,0,0.997211,5.2392
556,5000,Serialized-memory dominated,conservative,conservative,0,3048,3056,0,0,3609,28.4016,0.4172,0,0,0,1.00262,5.3738
557,5000,Serialized-memory dominated,conservative,conservative,0,3111,3104,0,0,3565,27.801,0.4292,0,0,0,0.99775,5.5702
558,5000,Serialized-memory dominated,conservative,conservative,0,2329,2336,0,0,3920,28.7408,0.3216,0,0,0,1.00301,5.3406
559,5000,Serialized-memory dominated,conservative,conservative,0,2856,2856,0,0,3673,27.6912,0.396,0,0,0,1,5.5796
560,5000,Serialized-memory dominated,conservative,conservative,0,2779,2778,0,0,3731,28.3144,0.3822,0,0,0,0.99964,5.4618
561,5000,Serialized-memory dominated,conservative,conservative,0,2763,2754,0,0,3740,28.8036,0.3752,0,0,0,0.996743,5.2002
562,5000,Serialized-memory dominated,conservative,conservative,0,3298,3304,0,0,3496,28.24,0.4512,0,0,0,1.00182,5.4338
563,5000,Serialized-memory dominated,conservative,conservative,0,3089,3088,0,0,3589,28.3084,0.4216,0,0,0,0.999676,5.3514
564,5000,Serialized-memory dominated,conservative,conservative,0,2861,2856,0,0,3699,28.5854,0.391,0,0,0,0.998252,5.204
565,5000,Serialized-memory dominated,conservative,conservative,0,3034,3043,0,0,3609,28.3092,0.4164,0,0,0,1.00297,5.3212
566,5000,Serialized-memory dominated,conservative,conservative,0,3188,3189,0,0,3551,28.2268,0.4366,0,0,0,1.00031,5.3846
567,5000,Serialized-memory dominated,conservative,conservative,0,2856,2856,0,0,3687,28.4376,0.3912,0,0,0,1,5.2006
568,5000,Serialized-memory dominated,conservative,conservative,0,3264,3264,0,0,3513,28.1988,0.4468,0,0,0,1,5.4148
569,5000,Serialized-memory dominated,conservative,conservative,0,3128,3128,0,0,3580,28.2314,0.428,0,0,0,1,5.3818
570,5000,Serialized-memory dominated,conservative,conservative,0,2856,2856,0,0,3688,28.5822,0.3912,0,0,0,1,5.1976
571,5000,Serialized-memory dominated,conservative,conservative,0,3060,3060,0,0,3604,28.2512,0.4196,0,0,0,1,5.375
572,5000,Serialized-memory dominated,conservative,conservative,0,3196,3196,0,0,3549,28.2248,0.4368,0,0,0,1,5.367
573,5000,Serialized-memory dominated,conservative,conservative,0,3060,3060,0,0,3597,28.4568,0.4194,0,0,0,1,5.3246
574,5000,Serialized-memory dominated,conservative,conservative,0,2924,2924,0,0,3663,28.5152,0.3986,0,0,0,1,5.2708
575,5000,Serialized-memory dominated,conservative,conservative,0,3128,3128,0,0,3566,28.2134,0.428,0,0,0,1,5.3158
576,5000,Serialized-memory dominated,conservative,conservative,0,3060,3050,0,0,3603,28.3522,0.4188,0,0,0,0.996732,5.3272
577,5000,Serialized-memory dominated,conservative,conservative,0,2873,2873,0,0,3686,28.6106,0.3914,0,0,0,1,5.2818
578,5000,Serialized-memory dominated,conservative,conservative,0,3179,3189,0,0,3540,28.2998,0.436,0,0,0,1.00315,5.3414
579,5000,Serialized-memory dominated,conservative,conservative,0,3077,3073,0,0,3597,28.3108,0.4212,0,0,0,0.9987,5.34
580,5000,Serialized-memory dominated,conservative,conservative,0,2907,2911,0,0,3664,28.4744,0.397,0,0,0,1.00138,5.2226
581,5000,Serialized-memory dominated,conservative,conservative,0,3094,3090,0,0,3582,28.2304,0.4242,0,0,0,0.998707,5.304
582,5000,Serialized-memory dominated,conservative,conservative,0,3094,3098,0,0,3590,28.4866,0.4214,0,0,0,1.00129,5.342
583,5000,Serialized-memory dominated,conservative,conservative,0,2907,2909,0,0,3668,28.3956,0.3984,0,0,0,1.00069,5.2668
584,5000,Serialized-memory dominated,conservative,conservative,0,3145,3143,0,0,3559,28.3462,0.4296,0,0,0,0.999364,5.3176
